,workflow,min_latency,median_latency,avg_latency,tail_latency
0,cycles,25.741449117660522,161.76485776901245,151.32509215672812,192.64374494552612
