,workflow,min_latency,median_latency,avg_latency,tail_latency
0,epigenomics,10.384302139282227,10.568320512771606,11.100560492939419,16.728893995285034
